Folder,Filename,CDN URL,File Type
text-icons,Banquettes2-text.png,https://cdn.jsdelivr.net/gh/kaalione/sowelcome-assets-cdn@main/text-icons/Banquettes2-text.png,png
text-icons,BusinessEvent-text.png,https://cdn.jsdelivr.net/gh/kaalione/sowelcome-assets-cdn@main/text-icons/BusinessEvent-text.png,png
text-icons,Spontaneous-text.png,https://cdn.jsdelivr.net/gh/kaalione/sowelcome-assets-cdn@main/text-icons/Spontaneous-text.png,png
text-icons,Topical-text.png,https://cdn.jsdelivr.net/gh/kaalione/sowelcome-assets-cdn@main/text-icons/Topical-text.png,png
text-icons,BusinessEvent2-text.png,https://cdn.jsdelivr.net/gh/kaalione/sowelcome-assets-cdn@main/text-icons/BusinessEvent2-text.png,png
text-icons,Banquettes-text.png,https://cdn.jsdelivr.net/gh/kaalione/sowelcome-assets-cdn@main/text-icons/Banquettes-text.png,png
text-icons,Spontaneous2-text.png,https://cdn.jsdelivr.net/gh/kaalione/sowelcome-assets-cdn@main/text-icons/Spontaneous2-text.png,png
text-icons,reunion-text.png,https://cdn.jsdelivr.net/gh/kaalione/sowelcome-assets-cdn@main/text-icons/reunion-text.png,png
text-icons,DinnersLarge-text.png,https://cdn.jsdelivr.net/gh/kaalione/sowelcome-assets-cdn@main/text-icons/DinnersLarge-text.png,png
text-icons,DinnersLarge2-text.png,https://cdn.jsdelivr.net/gh/kaalione/sowelcome-assets-cdn@main/text-icons/DinnersLarge2-text.png,png
text-icons,Celebrations-text.png,https://cdn.jsdelivr.net/gh/kaalione/sowelcome-assets-cdn@main/text-icons/Celebrations-text.png,png
text-icons,Graduation-text.png,https://cdn.jsdelivr.net/gh/kaalione/sowelcome-assets-cdn@main/text-icons/Graduation-text.png,png
text-icons,Birthday-text.png,https://cdn.jsdelivr.net/gh/kaalione/sowelcome-assets-cdn@main/text-icons/Birthday-text.png,png
text-icons,Concerts-text.png,https://cdn.jsdelivr.net/gh/kaalione/sowelcome-assets-cdn@main/text-icons/Concerts-text.png,png
text-icons,Birthday2-text.png,https://cdn.jsdelivr.net/gh/kaalione/sowelcome-assets-cdn@main/text-icons/Birthday2-text.png,png
cluster-eventbkg,inspiring_after-work.png,https://cdn.jsdelivr.net/gh/kaalione/sowelcome-assets-cdn@main/cluster-eventbkg/inspiring_after-work.png,png
cluster-eventbkg,intraprenour-breakfast-sowelcome.png,https://cdn.jsdelivr.net/gh/kaalione/sowelcome-assets-cdn@main/cluster-eventbkg/intraprenour-breakfast-sowelcome.png,png
cluster-eventbkg,ai2.png,https://cdn.jsdelivr.net/gh/kaalione/sowelcome-assets-cdn@main/cluster-eventbkg/ai2.png,png
cluster-eventbkg,campfire-fri-tanke-sowelcome.png,https://cdn.jsdelivr.net/gh/kaalione/sowelcome-assets-cdn@main/cluster-eventbkg/campfire-fri-tanke-sowelcome.png,png
cluster-eventbkg,minimalistic_background.png,https://cdn.jsdelivr.net/gh/kaalione/sowelcome-assets-cdn@main/cluster-eventbkg/minimalistic_background.png,png
cluster-eventbkg,peaceful_breakfast_gathering.png,https://cdn.jsdelivr.net/gh/kaalione/sowelcome-assets-cdn@main/cluster-eventbkg/peaceful_breakfast_gathering.png,png
cluster-eventbkg,longeviryinvite.png,https://cdn.jsdelivr.net/gh/kaalione/sowelcome-assets-cdn@main/cluster-eventbkg/longeviryinvite.png,png
cluster-eventbkg,campfire-session-sowelcome-fritanke.png,https://cdn.jsdelivr.net/gh/kaalione/sowelcome-assets-cdn@main/cluster-eventbkg/campfire-session-sowelcome-fritanke.png,png
cluster-eventbkg,blue_lamp_background.png,https://cdn.jsdelivr.net/gh/kaalione/sowelcome-assets-cdn@main/cluster-eventbkg/blue_lamp_background.png,png
cluster-eventbkg,modern_conference.png,https://cdn.jsdelivr.net/gh/kaalione/sowelcome-assets-cdn@main/cluster-eventbkg/modern_conference.png,png
cluster-eventbkg,ai _inovation.png,https://cdn.jsdelivr.net/gh/kaalione/sowelcome-assets-cdn@main/cluster-eventbkg/ai _inovation.png,png
cluster-eventbkg,abstract_background_pink.png,https://cdn.jsdelivr.net/gh/kaalione/sowelcome-assets-cdn@main/cluster-eventbkg/abstract_background_pink.png,png
cluster-eventbkg,calming_background_geen.png,https://cdn.jsdelivr.net/gh/kaalione/sowelcome-assets-cdn@main/cluster-eventbkg/calming_background_geen.png,png
venue-menus-pdfs,brunch.jpeg,https://cdn.jsdelivr.net/gh/kaalione/sowelcome-assets-cdn@main/venue-menus-pdfs/brunch.jpeg,jpeg
niki-sw-img,dinner_party.jpeg,https://cdn.jsdelivr.net/gh/kaalione/sowelcome-assets-cdn@main/niki-sw-img/dinner_party.jpeg,jpeg
niki-sw-img,—Pngtree—shape gradient 3d liquid abstraction_961240.jpg,https://cdn.jsdelivr.net/gh/kaalione/sowelcome-assets-cdn@main/niki-sw-img/—Pngtree—shape gradient 3d liquid abstraction_961240.jpg,jpg
niki-sw-img,sowelcome-header-1920x1200.jpg,https://cdn.jsdelivr.net/gh/kaalione/sowelcome-assets-cdn@main/niki-sw-img/sowelcome-header-1920x1200.jpg,jpg
niki-sw-img,pool.jpeg,https://cdn.jsdelivr.net/gh/kaalione/sowelcome-assets-cdn@main/niki-sw-img/pool.jpeg,jpeg
steps,sowelcome_step_8.png,https://cdn.jsdelivr.net/gh/kaalione/sowelcome-assets-cdn@main/steps/sowelcome_step_8.png,png
steps,sowelcome_step_10.png,https://cdn.jsdelivr.net/gh/kaalione/sowelcome-assets-cdn@main/steps/sowelcome_step_10.png,png
steps,sowelcome_step_9.png,https://cdn.jsdelivr.net/gh/kaalione/sowelcome-assets-cdn@main/steps/sowelcome_step_9.png,png
steps,sowelcome_step_11.png,https://cdn.jsdelivr.net/gh/kaalione/sowelcome-assets-cdn@main/steps/sowelcome_step_11.png,png
steps,sowelcome_step_13.png,https://cdn.jsdelivr.net/gh/kaalione/sowelcome-assets-cdn@main/steps/sowelcome_step_13.png,png
steps,sowelcome_step_12.png,https://cdn.jsdelivr.net/gh/kaalione/sowelcome-assets-cdn@main/steps/sowelcome_step_12.png,png
steps,sowelcome_step_1.png,https://cdn.jsdelivr.net/gh/kaalione/sowelcome-assets-cdn@main/steps/sowelcome_step_1.png,png
steps,sowelcome_step_2.png,https://cdn.jsdelivr.net/gh/kaalione/sowelcome-assets-cdn@main/steps/sowelcome_step_2.png,png
steps,sowelcome_step_3.png,https://cdn.jsdelivr.net/gh/kaalione/sowelcome-assets-cdn@main/steps/sowelcome_step_3.png,png
steps,sowelcome_step_7.png,https://cdn.jsdelivr.net/gh/kaalione/sowelcome-assets-cdn@main/steps/sowelcome_step_7.png,png
steps,sowelcome_step_6.png,https://cdn.jsdelivr.net/gh/kaalione/sowelcome-assets-cdn@main/steps/sowelcome_step_6.png,png
steps,sowelcome_step_4.png,https://cdn.jsdelivr.net/gh/kaalione/sowelcome-assets-cdn@main/steps/sowelcome_step_4.png,png
steps,sowelcome_step_5.png,https://cdn.jsdelivr.net/gh/kaalione/sowelcome-assets-cdn@main/steps/sowelcome_step_5.png,png
logos-original/web_logos,sowelcome-header.jpg,https://cdn.jsdelivr.net/gh/kaalione/sowelcome-assets-cdn@main/logos-original/web_logos/sowelcome-header.jpg,jpg
logos-original/web_logos,sowelcome-120x120.png,https://cdn.jsdelivr.net/gh/kaalione/sowelcome-assets-cdn@main/logos-original/web_logos/sowelcome-120x120.png,png
logos-original/web_logos,sowelcome-lemur-no-bkg.svg,https://cdn.jsdelivr.net/gh/kaalione/sowelcome-assets-cdn@main/logos-original/web_logos/sowelcome-lemur-no-bkg.svg,svg
logos-original/web_logos,sowelcome_lemur_vector_g302.svg,https://cdn.jsdelivr.net/gh/kaalione/sowelcome-assets-cdn@main/logos-original/web_logos/sowelcome_lemur_vector_g302.svg,svg
logos-original/web_logos,sowelcome-logo-org.png,https://cdn.jsdelivr.net/gh/kaalione/sowelcome-assets-cdn@main/logos-original/web_logos/sowelcome-logo-org.png,png
logos-original/web_logos,sowelcome-lemur-icon.svg,https://cdn.jsdelivr.net/gh/kaalione/sowelcome-assets-cdn@main/logos-original/web_logos/sowelcome-lemur-icon.svg,svg
logos-original/web_logos,sowelcome-lemur-no-bkg (kopia).png,https://cdn.jsdelivr.net/gh/kaalione/sowelcome-assets-cdn@main/logos-original/web_logos/sowelcome-lemur-no-bkg (kopia).png,png
logos-original/web_logos,sowelcome-lemur-icon.png,https://cdn.jsdelivr.net/gh/kaalione/sowelcome-assets-cdn@main/logos-original/web_logos/sowelcome-lemur-icon.png,png
logos-original/web_logos,sowelcome-logo-org.svg,https://cdn.jsdelivr.net/gh/kaalione/sowelcome-assets-cdn@main/logos-original/web_logos/sowelcome-logo-org.svg,svg
event-icons/new-coons,oncert-Performance-Icon.png,https://cdn.jsdelivr.net/gh/kaalione/sowelcome-assets-cdn@main/event-icons/new-coons/oncert-Performance-Icon.png,png
event-icons/new-coons,Dinner-Party-Icon.png,https://cdn.jsdelivr.net/gh/kaalione/sowelcome-assets-cdn@main/event-icons/new-coons/Dinner-Party-Icon.png,png
event-icons/new-coons,Reunion-Team-Icon.png,https://cdn.jsdelivr.net/gh/kaalione/sowelcome-assets-cdn@main/event-icons/new-coons/Reunion-Team-Icon.png,png
event-icons/new-coons,Professional-&-Career.png,https://cdn.jsdelivr.net/gh/kaalione/sowelcome-assets-cdn@main/event-icons/new-coons/Professional-&-Career.png,png
event-icons/new-coons,Gift-Surprise-Icon.png,https://cdn.jsdelivr.net/gh/kaalione/sowelcome-assets-cdn@main/event-icons/new-coons/Gift-Surprise-Icon.png,png
event-icons/new-coons,Concert-Performance-Icon.png,https://cdn.jsdelivr.net/gh/kaalione/sowelcome-assets-cdn@main/event-icons/new-coons/Concert-Performance-Icon.png,png
event-icons/new-coons,Graduation-Icon.png,https://cdn.jsdelivr.net/gh/kaalione/sowelcome-assets-cdn@main/event-icons/new-coons/Graduation-Icon.png,png
event-icons/new-coons,Business-Event-Icon.png,https://cdn.jsdelivr.net/gh/kaalione/sowelcome-assets-cdn@main/event-icons/new-coons/Business-Event-Icon.png,png
event-icons/new-coons,Wellness-&-Personal-Growth.png,https://cdn.jsdelivr.net/gh/kaalione/sowelcome-assets-cdn@main/event-icons/new-coons/Wellness-&-Personal-Growth.png,png
event-icons/new-coons,Seasonal-&-Holiday.png,https://cdn.jsdelivr.net/gh/kaalione/sowelcome-assets-cdn@main/event-icons/new-coons/Seasonal-&-Holiday.png,png
event-icons/new-coons,DInner-Party-Icon-.png,https://cdn.jsdelivr.net/gh/kaalione/sowelcome-assets-cdn@main/event-icons/new-coons/DInner-Party-Icon-.png,png
event-icons/new-coons,Celebration-Fireworks-Icon.png,https://cdn.jsdelivr.net/gh/kaalione/sowelcome-assets-cdn@main/event-icons/new-coons/Celebration-Fireworks-Icon.png,png
event-icons/new-coons,Networking-Community-Icon.png,https://cdn.jsdelivr.net/gh/kaalione/sowelcome-assets-cdn@main/event-icons/new-coons/Networking-Community-Icon.png,png
event-icons/new-coons,social-lifestyle.png,https://cdn.jsdelivr.net/gh/kaalione/sowelcome-assets-cdn@main/event-icons/new-coons/social-lifestyle.png,png
event-icons/new-coons,Birthday-Cake-Icon.png,https://cdn.jsdelivr.net/gh/kaalione/sowelcome-assets-cdn@main/event-icons/new-coons/Birthday-Cake-Icon.png,png
event-icons/SW-ICONS-NO-BKG,8.png,https://cdn.jsdelivr.net/gh/kaalione/sowelcome-assets-cdn@main/event-icons/SW-ICONS-NO-BKG/8.png,png
event-icons/SW-ICONS-NO-BKG,9.png,https://cdn.jsdelivr.net/gh/kaalione/sowelcome-assets-cdn@main/event-icons/SW-ICONS-NO-BKG/9.png,png
event-icons/SW-ICONS-NO-BKG,14.png,https://cdn.jsdelivr.net/gh/kaalione/sowelcome-assets-cdn@main/event-icons/SW-ICONS-NO-BKG/14.png,png
event-icons/SW-ICONS-NO-BKG,15.png,https://cdn.jsdelivr.net/gh/kaalione/sowelcome-assets-cdn@main/event-icons/SW-ICONS-NO-BKG/15.png,png
event-icons/SW-ICONS-NO-BKG,12.png,https://cdn.jsdelivr.net/gh/kaalione/sowelcome-assets-cdn@main/event-icons/SW-ICONS-NO-BKG/12.png,png
event-icons/SW-ICONS-NO-BKG,13.png,https://cdn.jsdelivr.net/gh/kaalione/sowelcome-assets-cdn@main/event-icons/SW-ICONS-NO-BKG/13.png,png
event-icons/SW-ICONS-NO-BKG,11.png,https://cdn.jsdelivr.net/gh/kaalione/sowelcome-assets-cdn@main/event-icons/SW-ICONS-NO-BKG/11.png,png
event-icons/SW-ICONS-NO-BKG,10.png,https://cdn.jsdelivr.net/gh/kaalione/sowelcome-assets-cdn@main/event-icons/SW-ICONS-NO-BKG/10.png,png
event-icons/SW-ICONS-NO-BKG,4.png,https://cdn.jsdelivr.net/gh/kaalione/sowelcome-assets-cdn@main/event-icons/SW-ICONS-NO-BKG/4.png,png
event-icons/SW-ICONS-NO-BKG,5.png,https://cdn.jsdelivr.net/gh/kaalione/sowelcome-assets-cdn@main/event-icons/SW-ICONS-NO-BKG/5.png,png
event-icons/SW-ICONS-NO-BKG,7.png,https://cdn.jsdelivr.net/gh/kaalione/sowelcome-assets-cdn@main/event-icons/SW-ICONS-NO-BKG/7.png,png
event-icons/SW-ICONS-NO-BKG,6.png,https://cdn.jsdelivr.net/gh/kaalione/sowelcome-assets-cdn@main/event-icons/SW-ICONS-NO-BKG/6.png,png
event-icons/SW-ICONS-NO-BKG,2.png,https://cdn.jsdelivr.net/gh/kaalione/sowelcome-assets-cdn@main/event-icons/SW-ICONS-NO-BKG/2.png,png
event-icons/SW-ICONS-NO-BKG,3.png,https://cdn.jsdelivr.net/gh/kaalione/sowelcome-assets-cdn@main/event-icons/SW-ICONS-NO-BKG/3.png,png
event-icons/SW-ICONS-NO-BKG,1.png,https://cdn.jsdelivr.net/gh/kaalione/sowelcome-assets-cdn@main/event-icons/SW-ICONS-NO-BKG/1.png,png
event-icons/others,concerts.png,https://cdn.jsdelivr.net/gh/kaalione/sowelcome-assets-cdn@main/event-icons/others/concerts.png,png
event-icons/others,logo-icon.png,https://cdn.jsdelivr.net/gh/kaalione/sowelcome-assets-cdn@main/event-icons/others/logo-icon.png,png
event-icons/others,deadline-icon-trans.png,https://cdn.jsdelivr.net/gh/kaalione/sowelcome-assets-cdn@main/event-icons/others/deadline-icon-trans.png,png
event-icons/others,concerts copy.png,https://cdn.jsdelivr.net/gh/kaalione/sowelcome-assets-cdn@main/event-icons/others/concerts copy.png,png
event-icons/others,g56.png,https://cdn.jsdelivr.net/gh/kaalione/sowelcome-assets-cdn@main/event-icons/others/g56.png,png
event-icons/others,sowelomce_business_event.png,https://cdn.jsdelivr.net/gh/kaalione/sowelcome-assets-cdn@main/event-icons/others/sowelomce_business_event.png,png
event-icons/others,simeconference_Create_a_birthday_party_icon_for_online_use_feat_9281085e-9f1f-44fc-b5d0-ddc671b13b46.png,https://cdn.jsdelivr.net/gh/kaalione/sowelcome-assets-cdn@main/event-icons/others/simeconference_Create_a_birthday_party_icon_for_online_use_feat_9281085e-9f1f-44fc-b5d0-ddc671b13b46.png,png
event-icons/others,birthday.png,https://cdn.jsdelivr.net/gh/kaalione/sowelcome-assets-cdn@main/event-icons/others/birthday.png,png
event-icons/others,large_group.png,https://cdn.jsdelivr.net/gh/kaalione/sowelcome-assets-cdn@main/event-icons/others/large_group.png,png
event-icons/others,people-icon-png-group-png-favpng-uVtkfNdweV9MQJ48XVWY2334X.jpg,https://cdn.jsdelivr.net/gh/kaalione/sowelcome-assets-cdn@main/event-icons/others/people-icon-png-group-png-favpng-uVtkfNdweV9MQJ48XVWY2334X.jpg,jpg
event-icons/others,birthday_cake.png,https://cdn.jsdelivr.net/gh/kaalione/sowelcome-assets-cdn@main/event-icons/others/birthday_cake.png,png
event-icons/others,price-icon.png,https://cdn.jsdelivr.net/gh/kaalione/sowelcome-assets-cdn@main/event-icons/others/price-icon.png,png
event-icons/others,graduation.png,https://cdn.jsdelivr.net/gh/kaalione/sowelcome-assets-cdn@main/event-icons/others/graduation.png,png
event-icons/others,friends_icon_sowelcome.png,https://cdn.jsdelivr.net/gh/kaalione/sowelcome-assets-cdn@main/event-icons/others/friends_icon_sowelcome.png,png
event-icons/others,friends_icon.jpg,https://cdn.jsdelivr.net/gh/kaalione/sowelcome-assets-cdn@main/event-icons/others/friends_icon.jpg,jpg
event-icons/others,info-icon.png,https://cdn.jsdelivr.net/gh/kaalione/sowelcome-assets-cdn@main/event-icons/others/info-icon.png,png
event-icons/Animated-Icons-NoBkg,abstract-celebration-animated.gif,https://cdn.jsdelivr.net/gh/kaalione/sowelcome-assets-cdn@main/event-icons/Animated-Icons-NoBkg/abstract-celebration-animated.gif,gif
event-icons/Animated-Icons-NoBkg,spontaneous-animated.gif,https://cdn.jsdelivr.net/gh/kaalione/sowelcome-assets-cdn@main/event-icons/Animated-Icons-NoBkg/spontaneous-animated.gif,gif
event-icons/Animated-Icons-NoBkg,graduation-animated.gif,https://cdn.jsdelivr.net/gh/kaalione/sowelcome-assets-cdn@main/event-icons/Animated-Icons-NoBkg/graduation-animated.gif,gif
event-icons/Animated-Icons-NoBkg,banquette-animated.gif,https://cdn.jsdelivr.net/gh/kaalione/sowelcome-assets-cdn@main/event-icons/Animated-Icons-NoBkg/banquette-animated.gif,gif
event-icons/Animated-Icons-NoBkg,fireworks-animated.gif,https://cdn.jsdelivr.net/gh/kaalione/sowelcome-assets-cdn@main/event-icons/Animated-Icons-NoBkg/fireworks-animated.gif,gif
event-icons/Animated-Icons-NoBkg,birthday-cake-animated.gif,https://cdn.jsdelivr.net/gh/kaalione/sowelcome-assets-cdn@main/event-icons/Animated-Icons-NoBkg/birthday-cake-animated.gif,gif
event-icons/Animated-Icons-NoBkg,balloon-party-animated.gif,https://cdn.jsdelivr.net/gh/kaalione/sowelcome-assets-cdn@main/event-icons/Animated-Icons-NoBkg/balloon-party-animated.gif,gif
event-icons/Animated-Icons-NoBkg,concert-party-animated.gif,https://cdn.jsdelivr.net/gh/kaalione/sowelcome-assets-cdn@main/event-icons/Animated-Icons-NoBkg/concert-party-animated.gif,gif
event-icons/Animated-Icons-NoBkg,gift-surprise-animated.gif,https://cdn.jsdelivr.net/gh/kaalione/sowelcome-assets-cdn@main/event-icons/Animated-Icons-NoBkg/gift-surprise-animated.gif,gif
event-icons/Animated-Icons-NoBkg,reunion-animated.gif,https://cdn.jsdelivr.net/gh/kaalione/sowelcome-assets-cdn@main/event-icons/Animated-Icons-NoBkg/reunion-animated.gif,gif
event-icons/Animated-Icons-NoBkg,celebration-lotus-animated.gif,https://cdn.jsdelivr.net/gh/kaalione/sowelcome-assets-cdn@main/event-icons/Animated-Icons-NoBkg/celebration-lotus-animated.gif,gif
event-icons/icon_web,0_1 (6).png,https://cdn.jsdelivr.net/gh/kaalione/sowelcome-assets-cdn@main/event-icons/icon_web/0_1 (6).png,png
event-icons/icon_web,celebrations.png,https://cdn.jsdelivr.net/gh/kaalione/sowelcome-assets-cdn@main/event-icons/icon_web/celebrations.png,png
event-icons/icon_web,concerts.png,https://cdn.jsdelivr.net/gh/kaalione/sowelcome-assets-cdn@main/event-icons/icon_web/concerts.png,png
event-icons/icon_web,largegroupdinner.png,https://cdn.jsdelivr.net/gh/kaalione/sowelcome-assets-cdn@main/event-icons/icon_web/largegroupdinner.png,png
event-icons/icon_web,reunion.png,https://cdn.jsdelivr.net/gh/kaalione/sowelcome-assets-cdn@main/event-icons/icon_web/reunion.png,png
event-icons/icon_web,0_1 (1).png,https://cdn.jsdelivr.net/gh/kaalione/sowelcome-assets-cdn@main/event-icons/icon_web/0_1 (1).png,png
event-icons/icon_web,business_event.png,https://cdn.jsdelivr.net/gh/kaalione/sowelcome-assets-cdn@main/event-icons/icon_web/business_event.png,png
event-icons/icon_web,concert.png,https://cdn.jsdelivr.net/gh/kaalione/sowelcome-assets-cdn@main/event-icons/icon_web/concert.png,png
event-icons/icon_web,banquette.png,https://cdn.jsdelivr.net/gh/kaalione/sowelcome-assets-cdn@main/event-icons/icon_web/banquette.png,png
event-icons/icon_web,Birthday.png,https://cdn.jsdelivr.net/gh/kaalione/sowelcome-assets-cdn@main/event-icons/icon_web/Birthday.png,png
event-icons/icon_web,0_3 (5).png,https://cdn.jsdelivr.net/gh/kaalione/sowelcome-assets-cdn@main/event-icons/icon_web/0_3 (5).png,png
event-icons/icon_web,large group dinner.png,https://cdn.jsdelivr.net/gh/kaalione/sowelcome-assets-cdn@main/event-icons/icon_web/large group dinner.png,png
event-icons/icon_web,spontanous.png,https://cdn.jsdelivr.net/gh/kaalione/sowelcome-assets-cdn@main/event-icons/icon_web/spontanous.png,png
event-icons/icon_web,0_1 (3).png,https://cdn.jsdelivr.net/gh/kaalione/sowelcome-assets-cdn@main/event-icons/icon_web/0_1 (3).png,png
event-icons/icon_web,business.png,https://cdn.jsdelivr.net/gh/kaalione/sowelcome-assets-cdn@main/event-icons/icon_web/business.png,png
event-icons/icon_web,graduation.png,https://cdn.jsdelivr.net/gh/kaalione/sowelcome-assets-cdn@main/event-icons/icon_web/graduation.png,png
event-icons/icon_web,0_1 (5).png,https://cdn.jsdelivr.net/gh/kaalione/sowelcome-assets-cdn@main/event-icons/icon_web/0_1 (5).png,png
dinners,step-1-smiling.png,https://cdn.jsdelivr.net/gh/kaalione/sowelcome-assets-cdn@main/dinners/step-1-smiling.png,png
dinners,dinner.jpeg,https://cdn.jsdelivr.net/gh/kaalione/sowelcome-assets-cdn@main/dinners/dinner.jpeg,jpeg
dinners,party.jpeg,https://cdn.jsdelivr.net/gh/kaalione/sowelcome-assets-cdn@main/dinners/party.jpeg,jpeg
bkgs/bkgs_abs,sowelcome_hero_5.png,https://cdn.jsdelivr.net/gh/kaalione/sowelcome-assets-cdn@main/bkgs/bkgs_abs/sowelcome_hero_5.png,png
bkgs/bkgs_abs,sowelcome_hero_4.png,https://cdn.jsdelivr.net/gh/kaalione/sowelcome-assets-cdn@main/bkgs/bkgs_abs/sowelcome_hero_4.png,png
bkgs/bkgs_abs,sowelcome_hero_6.png,https://cdn.jsdelivr.net/gh/kaalione/sowelcome-assets-cdn@main/bkgs/bkgs_abs/sowelcome_hero_6.png,png
bkgs/bkgs_abs,sowelcome_hero_7.png,https://cdn.jsdelivr.net/gh/kaalione/sowelcome-assets-cdn@main/bkgs/bkgs_abs/sowelcome_hero_7.png,png
bkgs/bkgs_abs,sowelcome_hero_3.png,https://cdn.jsdelivr.net/gh/kaalione/sowelcome-assets-cdn@main/bkgs/bkgs_abs/sowelcome_hero_3.png,png
bkgs/bkgs_abs,sowelcome_hero_2.png,https://cdn.jsdelivr.net/gh/kaalione/sowelcome-assets-cdn@main/bkgs/bkgs_abs/sowelcome_hero_2.png,png
bkgs/bkgs_abs,sowelcome_hero_10.png,https://cdn.jsdelivr.net/gh/kaalione/sowelcome-assets-cdn@main/bkgs/bkgs_abs/sowelcome_hero_10.png,png
bkgs/bkgs_abs,sowelcome_hero_11.png,https://cdn.jsdelivr.net/gh/kaalione/sowelcome-assets-cdn@main/bkgs/bkgs_abs/sowelcome_hero_11.png,png
bkgs/bkgs_abs,sowelcome_hero_9.png,https://cdn.jsdelivr.net/gh/kaalione/sowelcome-assets-cdn@main/bkgs/bkgs_abs/sowelcome_hero_9.png,png
bkgs/bkgs_abs,sowelcome_hero_8.png,https://cdn.jsdelivr.net/gh/kaalione/sowelcome-assets-cdn@main/bkgs/bkgs_abs/sowelcome_hero_8.png,png
bkgs/bkgs_abs,sowelcome_hero_1.jpeg,https://cdn.jsdelivr.net/gh/kaalione/sowelcome-assets-cdn@main/bkgs/bkgs_abs/sowelcome_hero_1.jpeg,jpeg
bkgs/bkg_people,sowelcome_hero_ppl_8.png,https://cdn.jsdelivr.net/gh/kaalione/sowelcome-assets-cdn@main/bkgs/bkg_people/sowelcome_hero_ppl_8.png,png
bkgs/bkg_people,sowelcome_hero_ppl_9.png,https://cdn.jsdelivr.net/gh/kaalione/sowelcome-assets-cdn@main/bkgs/bkg_people/sowelcome_hero_ppl_9.png,png
bkgs/bkg_people,sowelcome_hero_ppl_2.png,https://cdn.jsdelivr.net/gh/kaalione/sowelcome-assets-cdn@main/bkgs/bkg_people/sowelcome_hero_ppl_2.png,png
bkgs/bkg_people,sowelcome_hero_ppl_10.png,https://cdn.jsdelivr.net/gh/kaalione/sowelcome-assets-cdn@main/bkgs/bkg_people/sowelcome_hero_ppl_10.png,png
bkgs/bkg_people,sowelcome_hero_ppl_3.png,https://cdn.jsdelivr.net/gh/kaalione/sowelcome-assets-cdn@main/bkgs/bkg_people/sowelcome_hero_ppl_3.png,png
bkgs/bkg_people,sowelcome_hero_ppl_1.png,https://cdn.jsdelivr.net/gh/kaalione/sowelcome-assets-cdn@main/bkgs/bkg_people/sowelcome_hero_ppl_1.png,png
bkgs/bkg_people,sowelcome_hero_ppl_4.png,https://cdn.jsdelivr.net/gh/kaalione/sowelcome-assets-cdn@main/bkgs/bkg_people/sowelcome_hero_ppl_4.png,png
bkgs/bkg_people,sowelcome_hero_ppl_5.png,https://cdn.jsdelivr.net/gh/kaalione/sowelcome-assets-cdn@main/bkgs/bkg_people/sowelcome_hero_ppl_5.png,png
bkgs/bkg_people,sowelcome_hero_ppl_7.png,https://cdn.jsdelivr.net/gh/kaalione/sowelcome-assets-cdn@main/bkgs/bkg_people/sowelcome_hero_ppl_7.png,png
bkgs/bkg_people,sowelcome_hero_ppl_6.png,https://cdn.jsdelivr.net/gh/kaalione/sowelcome-assets-cdn@main/bkgs/bkg_people/sowelcome_hero_ppl_6.png,png
animations,—Pngtree—round blue purple glowing border_4986549.png,https://cdn.jsdelivr.net/gh/kaalione/sowelcome-assets-cdn@main/animations/—Pngtree—round blue purple glowing border_4986549.png,png
